component_id,size,min_datetime,max_datetime,center_x,center_y
0,9,2023-03-04 21:00:00,2023-03-05 22:16:00,1984077.3519015189,804789.284821578
1,7,2020-06-11 10:00:00,2020-06-12 04:49:00,1998624.3782687958,797603.2418034377
2,7,2021-08-13 11:36:00,2021-09-03 12:30:00,1982766.7589655884,789923.3789918729
3,6,2020-12-14 09:00:00,2020-12-17 19:15:00,1982133.7041966878,788230.757082649
4,6,2021-10-02 02:00:00,2021-10-10 15:40:00,1979934.5483211542,781789.0789138161
5,6,2021-10-24 16:00:00,2021-10-25 15:15:00,1991893.9811442457,787690.2551925926
6,6,2023-02-28 15:00:00,2023-03-01 04:48:00,1992567.314303771,787620.0793225487
7,6,2023-05-05 13:00:00,2023-05-06 04:52:00,1981880.566824597,798456.0232147393
8,5,2020-12-05 12:00:00,2020-12-05 19:01:00,1984583.7434408627,798124.1348141934
9,5,2022-05-08 13:25:00,2022-05-22 15:12:00,1980757.729975659,781329.2960552633
10,5,2023-01-28 07:00:00,2023-02-15 19:00:00,1984326.087788656,792314.6820466468
11,5,2023-03-03 19:00:00,2023-03-15 10:00:00,1995449.1810435075,799703.4996522625
12,5,2023-06-04 16:00:00,2023-06-11 13:00:00,1984326.087788656,792314.6820466468
13,5,2024-04-10 10:37:00,2024-04-19 04:44:00,1990264.4353392324,794060.8572388379
14,5,2024-09-03 21:25:00,2024-09-10 00:00:00,1993441.037494614,785028.6286153339
15,5,2024-09-30 07:00:00,2024-10-02 15:01:00,1984228.6498590808,788379.4623119201
16,4,2020-01-23 07:17:00,2020-01-30 04:00:00,1984040.0753548658,791152.8226014496
17,4,2020-05-27 09:00:00,2020-05-27 22:00:00,1994988.427449859,799883.2403936816
18,4,2020-05-24 14:30:00,2020-05-30 06:45:00,1979501.7792770327,772461.0628611429
19,4,2020-08-15 17:00:00,2020-08-17 19:30:00,1981584.874987653,781625.6546150933
20,4,2020-08-31 13:00:00,2020-08-31 17:00:00,1982136.9795675487,782780.85880681
21,4,2020-08-09 03:36:00,2020-08-11 17:00:00,1989525.1057583503,796374.7620158368
22,4,2020-08-01 15:30:00,2020-08-06 17:00:00,1985741.8301009636,789695.9911750576
23,4,2020-08-09 14:30:00,2020-08-09 19:00:00,1988020.8938924372,788865.2098303612
24,4,2021-08-22 15:00:00,2021-08-22 22:20:00,1977728.4955170911,801806.1623507616
25,4,2023-05-02 13:00:00,2023-05-12 18:30:00,1982644.5875076982,789763.04291495
26,4,2023-05-28 08:00:00,2023-05-30 17:34:00,1982746.065039187,787538.1109057381
27,4,2024-07-21 19:00:00,2024-08-01 14:00:00,1982206.2780774802,787800.1819099926
28,4,2024-08-12 21:00:00,2024-08-27 10:00:00,1984006.9524443727,788024.4453888605
29,4,2024-10-05 13:30:00,2024-10-19 16:14:00,1994877.8927870255,797381.0771765137
30,4,2024-10-23 07:00:00,2024-11-03 12:29:00,1995145.6447029896,798163.5126740962
31,4,2024-11-15 00:30:00,2024-11-25 18:00:00,1994855.3316754817,797516.8174573254
32,4,2025-09-19 16:00:00,2025-09-26 16:30:00,1982332.27315475,785995.9818932059
33,4,2025-05-02 18:40:00,2025-05-06 11:00:00,1981202.2972653345,775768.3919412425
34,3,2020-03-01 07:50:00,2020-03-10 06:25:00,1979500.9682836868,772466.4325038871
35,3,2020-02-28 11:00:00,2020-02-28 14:08:00,1996869.6343328524,786323.1727926293
36,3,2020-03-28 23:00:00,2020-03-29 13:00:00,1980120.925243384,780457.1679217712
37,3,2020-05-18 09:01:00,2020-05-22 13:30:00,1981664.8280967725,786595.5438446157
38,3,2020-07-22 12:00:00,2020-07-22 14:00:00,1980511.138576389,782592.9079196075
39,3,2020-08-01 12:00:00,2020-08-01 18:15:00,1987593.346885454,793134.7034083431
40,3,2020-07-26 13:15:00,2020-07-29 17:00:00,1988701.1443248403,789911.0499182242
41,3,2020-08-03 11:00:00,2020-08-03 18:55:00,1986557.7950519605,794995.2660361106
42,3,2020-10-14 12:30:00,2020-10-17 14:30:00,1981203.4152475607,780185.390629061
43,3,2020-12-08 17:30:00,2020-12-11 10:00:00,1983808.8709256062,790342.511137639
44,3,2020-12-10 15:00:00,2020-12-11 17:00:00,1989211.8544146756,783856.0298105084
45,3,2021-04-04 09:00:00,2021-04-06 10:31:00,1996457.1885885943,800734.9753795086
46,3,2021-05-28 06:00:00,2021-05-28 15:15:00,1984516.787171672,789924.8457791392
47,3,2021-05-20 11:30:00,2021-05-24 17:30:00,1983629.7811404832,796631.7776883361
48,3,2021-04-30 12:00:00,2021-05-04 12:00:00,1984326.1943748302,792314.6856299316
49,3,2021-06-01 12:30:00,2021-06-09 19:40:00,1983997.1813996553,792343.9876127625
50,3,2021-06-14 12:50:00,2021-06-14 13:00:00,1992020.356745776,795451.2016492035
51,3,2021-08-22 12:00:00,2021-08-29 13:00:00,1984326.1943748302,792314.6856299316
52,3,2021-09-01 14:00:00,2021-09-01 14:00:00,1980791.233620417,802859.0061084513
53,3,2021-08-18 18:00:00,2021-08-24 15:00:00,1980174.3669997156,782255.4547338048
54,3,2021-08-01 00:30:00,2021-08-10 04:00:00,1984326.1943748302,792314.6856299316
55,3,2021-12-15 11:40:00,2021-12-23 10:45:00,1980548.0640291392,781108.0950845605
56,3,2021-11-19 16:00:00,2021-11-21 12:00:00,1982141.683938982,788373.6848387759
57,3,2022-05-24 19:00:00,2022-05-25 17:00:00,1979161.41292825,777715.7622957054
58,3,2022-03-21 13:30:00,2022-03-27 08:00:00,1980844.8832201406,781177.3014723792
59,3,2022-01-23 10:30:00,2022-01-25 04:30:00,1980844.8832201406,781177.3014723792
60,3,2022-02-11 14:00:00,2022-02-20 16:30:00,1984326.1943748302,792314.6856299316
61,3,2022-07-26 17:00:00,2022-08-01 07:00:00,1982257.3050231943,790079.494872359
62,3,2022-01-17 11:00:00,2022-01-19 11:00:00,1981726.8066135582,788481.9317281944
63,3,2022-02-02 23:30:00,2022-02-11 02:00:00,1989454.70582546,791311.3656893858
64,3,2022-07-22 17:30:00,2022-07-22 22:00:00,1983487.8034412942,796657.8234127038
65,3,2022-02-08 16:00:00,2022-02-15 17:00:00,1983593.1170002033,797241.8864739925
66,3,2022-10-04 07:00:00,2022-10-04 14:00:00,1984194.26185264,789954.3846509157
67,3,2022-11-04 13:00:00,2022-11-05 19:56:00,1978965.1777216066,779313.1675563989
68,3,2022-08-17 11:00:00,2022-08-18 04:08:00,1993134.411680663,797879.258529665
69,3,2022-08-31 16:00:00,2022-09-01 05:33:00,1993775.614277826,796672.6505795941
70,3,2023-03-26 09:00:00,2023-04-02 11:00:00,1984326.0877886557,792314.6820466468
71,3,2023-05-16 17:15:00,2023-05-18 00:05:00,1982909.7156971383,786972.1630422688
72,3,2023-05-20 15:00:00,2023-05-20 23:10:00,1981954.4354014548,804743.1454795129
73,3,2023-07-01 01:00:00,2023-07-05 22:00:00,1982270.3620861026,789484.0426973227
74,3,2023-06-08 07:00:00,2023-06-08 17:30:00,1983942.7946268313,789474.7506697198
75,3,2023-09-13 15:30:00,2023-09-24 13:30:00,1984493.9324968085,787926.1757838303
76,3,2023-09-11 05:00:00,2023-09-17 09:30:00,1995615.9832607585,799662.0936612937
77,3,2023-09-12 12:25:00,2023-09-15 05:00:00,1983312.2430858705,804882.5916103306
78,3,2024-04-24 03:15:00,2024-04-28 04:12:00,1997078.1277674667,782855.3400866842
79,3,2024-06-24 15:36:00,2024-06-30 16:00:00,1983034.1813747648,788729.1662777225
80,3,2024-07-21 06:00:00,2024-07-21 18:45:00,1988437.0658618447,780662.9783593452
81,3,2024-10-09 09:00:00,2024-10-16 19:00:00,1992026.2215424345,794487.5183389466
82,3,2024-11-12 12:15:00,2024-11-16 13:00:00,1991975.0486273423,794573.6249432935
83,3,2024-08-17 11:01:00,2024-08-21 14:00:00,1982421.3251646,800159.9803928882
84,3,2024-12-17 13:05:00,2024-12-27 12:30:00,1990424.4174691737,793187.8060259089
85,3,2024-09-03 16:00:00,2024-09-10 19:30:00,1982031.3781243106,786566.2949308525
86,3,2024-09-14 21:31:00,2024-09-21 16:30:00,1997001.5901112158,782860.371188427
87,3,2025-07-25 02:30:00,2025-07-25 03:00:00,1998438.9209895532,801977.0811378754
88,3,2025-01-20 07:00:00,2025-01-23 16:00:00,1995367.9576682032,792521.9407040514
89,3,2025-03-11 04:20:00,2025-03-18 13:30:00,1980997.096555528,775618.9050007357
90,3,2025-06-15 17:30:00,2025-06-22 17:00:00,1981490.3283114836,787233.616947772
91,2,2020-02-10 12:30:00,2020-02-10 21:58:00,1982791.6105331117,804079.5885458355
92,2,2020-03-01 09:20:00,2020-03-01 09:40:00,1981089.2762955113,802874.1014503994
93,2,2020-02-04 13:00:00,2020-02-04 15:00:00,1992539.1370284639,800024.3617656154
94,2,2020-02-20 03:00:00,2020-02-20 12:30:00,1998920.2764816256,797269.2976715303
95,2,2020-06-17 06:00:00,2020-06-18 12:00:00,1990625.7844305588,791904.4895590255
96,2,2020-06-20 10:00:00,2020-06-20 11:00:00,1979971.8375503416,781747.374589122
97,2,2020-05-25 15:00:00,2020-05-25 15:35:00,1980799.5877217816,781207.9077215203
98,2,2020-07-11 15:00:00,2020-07-11 16:30:00,1981515.2622851403,803735.6397356158
99,2,2020-08-05 13:00:00,2020-08-05 13:30:00,1987149.3280712252,789568.3018196672
100,2,2020-07-14 15:30:00,2020-07-15 16:30:00,1994195.0895486455,796473.9343673005
101,2,2020-08-04 13:00:00,2020-08-04 16:00:00,1979757.9278503545,790240.2444627861
102,2,2020-10-06 18:00:00,2020-10-07 02:45:00,1979327.795048688,807398.38857709
103,2,2020-10-05 12:30:00,2020-10-05 15:07:00,1979391.2551967895,775501.957748059
104,2,2020-09-11 10:00:00,2020-09-11 20:00:00,1997396.8996767716,781407.4188612144
105,2,2020-10-07 18:00:00,2020-10-10 11:00:00,1984327.5209520753,792303.9465552978
106,2,2020-09-11 14:30:00,2020-09-11 15:00:00,1997556.4693325774,784157.4923479664
107,2,2020-09-23 13:30:00,2020-09-23 15:30:00,1982039.3269346235,787157.4053047348
108,2,2020-10-13 19:42:00,2020-10-15 18:00:00,1981148.4035814211,786622.1404040263
109,2,2020-09-09 22:00:00,2020-09-15 14:30:00,1993619.9377402223,797211.6432469322
110,2,2020-11-30 15:30:00,2020-11-30 20:00:00,1992270.4682992767,798680.4867335961
111,2,2020-11-05 11:15:00,2020-11-05 11:15:00,1976706.4701891665,797376.9759174576
112,2,2020-10-27 17:00:00,2020-11-01 22:30:00,1982182.644342293,788370.3838271708
113,2,2020-12-20 12:00:00,2020-12-26 20:30:00,1983818.8755969969,789345.1710665307
114,2,2021-01-01 14:00:00,2021-01-02 11:00:00,1981138.1939790896,789399.7317366622
115,2,2021-05-19 09:45:00,2021-05-19 10:00:00,1979544.1256179828,772752.5107005665
116,2,2021-04-18 11:00:00,2021-04-23 02:30:00,1993821.9318766608,794987.7427677803
117,2,2021-07-16 11:15:00,2021-07-16 12:00:00,1981298.7393468495,780882.8905649158
118,2,2021-07-06 15:30:00,2021-07-06 18:00:00,1980934.029769457,777747.0169713167
119,2,2021-08-07 14:00:00,2021-08-08 20:00:00,1983798.1440284434,797390.4108910495
120,2,2021-08-22 12:30:00,2021-08-22 22:30:00,1977940.471283236,800408.9964073641
121,2,2021-08-01 04:00:00,2021-08-05 13:20:00,1992773.2241734788,793245.0879078268
122,2,2021-08-08 20:00:00,2021-08-08 22:00:00,1985369.1119825991,791463.0872251964
123,2,2021-08-22 12:00:00,2021-08-22 15:00:00,1980821.4844516618,804314.3265511405
124,2,2021-08-09 11:26:00,2021-08-09 14:15:00,1994761.8999202098,799366.4698026974
125,2,2021-09-27 15:40:00,2021-10-01 21:00:00,1982139.642117826,788748.6173536485
126,2,2021-09-28 13:30:00,2021-09-28 16:00:00,1982091.8272560434,786326.3379641154
127,2,2021-10-13 11:00:00,2021-10-13 17:00:00,1984326.19437483,792314.6856299316
128,2,2021-10-24 10:30:00,2021-10-24 10:30:00,1997113.2934613128,787282.0115901097
129,2,2021-11-19 16:45:00,2021-11-20 04:00:00,1983583.2998733083,778947.7342514169
130,2,2021-12-18 10:00:00,2021-12-23 08:00:00,1980114.780443201,774139.3446107351
131,2,2021-10-21 07:00:00,2021-10-27 18:30:00,1984326.19437483,792314.6856299316
132,2,2021-10-02 15:00:00,2021-10-04 18:30:00,1991311.2516148814,794113.83575702
133,2,2021-10-29 14:35:00,2021-11-02 18:08:00,1982397.1818596688,786900.1989284479
134,2,2021-11-01 05:00:00,2021-11-01 17:00:00,1996899.4137643115,792084.8029157179
135,2,2021-10-31 11:30:00,2021-11-06 07:14:00,1982410.541735487,789925.6683461545
136,2,2021-11-10 13:00:00,2021-11-17 02:00:00,1982784.2631641717,805427.9137543677
137,2,2021-10-31 04:00:00,2021-10-31 13:45:00,1985925.2038077689,806110.4123153482
138,2,2021-11-10 15:32:00,2021-11-10 20:50:00,1983727.0809327376,796826.0471540147
139,2,2021-11-04 13:05:00,2021-11-05 21:40:00,1982097.6686267075,788140.0168199894
140,2,2022-06-02 11:00:00,2022-06-05 10:22:00,1980844.8832201404,781177.3014723792
141,2,2022-02-16 09:30:00,2022-02-17 11:58:00,1980846.2087959112,781166.1983533467
142,2,2022-02-13 16:45:00,2022-02-14 18:30:00,1982853.8874313617,790349.2968333643
143,2,2022-01-09 11:00:00,2022-01-15 07:00:00,1991327.09035911,791606.5160336212
144,2,2022-02-08 15:30:00,2022-02-09 00:45:00,1993288.3395649123,787942.9514450133
145,2,2022-01-17 14:00:00,2022-01-19 03:19:00,1990011.056812426,791652.4330774625
146,2,2022-02-11 14:30:00,2022-02-14 16:00:00,1997196.4173488496,800361.7184418534
147,2,2022-07-22 06:23:00,2022-07-22 16:00:00,1986092.9920571079,806106.1445348797
148,2,2022-03-22 11:00:00,2022-03-28 15:00:00,1991701.975068787,794426.7763490123
149,2,2022-04-13 06:30:00,2022-04-14 10:00:00,1996212.7945638879,799886.9699834968
150,2,2022-02-03 18:30:00,2022-02-08 11:00:00,1988602.4336332283,789614.29645874
151,2,2022-10-31 05:12:00,2022-11-04 11:00:00,1985081.145434111,789355.7893851555
152,2,2022-11-08 09:15:00,2022-11-08 10:01:00,1981089.2762955113,802874.1014503994
153,2,2022-08-18 20:35:00,2022-08-20 05:00:00,1985462.1723858858,791049.1595623093
154,2,2022-09-15 15:30:00,2022-09-20 15:30:00,1997322.9247480286,800054.8417321381
155,2,2022-10-27 19:00:00,2022-10-31 00:00:00,1995087.9388628674,797582.7416214363
156,2,2022-12-14 11:16:00,2022-12-16 07:30:00,1981647.9782582293,786433.458075756
157,2,2023-03-14 15:00:00,2023-03-21 15:00:00,1996912.3306355132,782799.5145942617
158,2,2023-03-07 07:00:00,2023-03-10 10:00:00,1984326.087788656,792314.6820466468
159,2,2023-04-19 20:00:00,2023-04-20 01:56:00,1983854.3452684546,797062.5633533353
160,2,2023-04-07 19:58:00,2023-04-09 18:00:00,1995742.9069901933,797640.9590153228
161,2,2023-09-21 13:00:00,2023-09-25 15:00:00,1981372.427880567,786559.2977307598
162,2,2023-06-18 10:30:00,2023-06-19 06:00:00,1980844.7737499205,781177.4799077963
163,2,2023-07-22 15:07:00,2023-07-25 07:30:00,1980844.7737499205,781177.4799077963
164,2,2023-06-24 16:30:00,2023-06-24 20:00:00,1983530.3762419522,789214.3840629085
165,2,2023-07-02 22:00:00,2023-07-08 12:00:00,1984989.7115758287,791401.3352262047
166,2,2023-07-03 12:00:00,2023-07-05 22:56:00,1984645.6193626574,789981.6734898433
167,2,2023-06-26 11:30:00,2023-06-26 11:50:00,1994104.4549321462,792104.1929406715
168,2,2023-07-05 23:14:00,2023-07-12 15:00:00,1992197.6300749003,794971.399203026
169,2,2023-07-12 14:00:00,2023-07-12 17:00:00,1983877.901130889,796775.1101735979
170,2,2023-09-16 19:00:00,2023-09-17 18:00:00,1992962.8049610567,797617.8863204005
171,2,2023-07-06 13:30:00,2023-07-06 16:40:00,1994252.1054929674,796331.0622083928
172,2,2023-10-12 14:00:00,2023-10-19 08:20:00,1992269.3534061857,792875.29049134
173,2,2023-06-08 15:00:00,2023-06-11 17:00:00,1999279.5835868253,798162.0793702408
174,2,2023-09-19 12:30:00,2023-09-19 13:00:00,1983210.728295017,807017.1851788405
175,2,2023-10-11 22:16:00,2023-10-12 10:10:00,1988027.2199545586,806326.7679519763
176,2,2024-04-15 04:02:00,2024-04-15 05:00:00,1981755.0064091461,799877.2274875364
177,2,2024-04-04 04:58:00,2024-04-04 08:29:00,1992660.4650251972,787740.7915781257
178,2,2024-05-02 12:13:00,2024-05-02 12:13:00,1980960.0691193137,781339.9056531067
179,2,2024-06-09 12:42:00,2024-06-10 18:53:00,1983322.4105953425,797147.6103209774
180,2,2024-06-04 04:01:00,2024-06-09 02:18:00,1981936.6301247359,799683.4353852476
181,2,2024-05-16 10:05:00,2024-05-19 15:14:00,1983553.996765667,788102.0900313761
182,2,2024-10-24 15:30:00,2024-10-30 16:40:00,1991850.7885077589,794447.9911181927
183,2,2024-10-25 12:00:00,2024-10-30 16:00:00,1983855.7164116153,797509.694081997
184,2,2024-10-30 12:45:00,2024-11-06 12:00:00,1993211.9507194404,795857.077000506
185,2,2024-11-23 19:32:00,2024-11-30 12:45:00,1990174.5750257324,793565.3550638431
186,2,2024-12-15 12:30:00,2024-12-18 15:00:00,1994985.17361002,797415.4282315456
187,2,2024-12-27 14:00:00,2024-12-29 09:00:00,1995023.6098390156,797677.1737119223
188,2,2024-12-17 21:10:00,2024-12-18 19:00:00,1993808.412357537,796837.2980530878
189,2,2024-09-03 11:00:00,2024-09-05 07:00:00,1979934.5423877535,781789.0643575191
190,2,2024-09-14 17:00:00,2024-09-21 15:00:00,1993802.2494907782,794384.334618215
191,2,2024-09-30 07:00:00,2024-10-02 06:40:00,1981950.7520667398,786488.1188905484
192,2,2025-07-30 15:00:00,2025-07-30 22:00:00,1996317.518400909,796437.6535501811
193,2,2025-07-31 17:44:00,2025-08-06 08:00:00,1981006.33718182,786421.3685402346
194,2,2025-08-07 13:00:00,2025-08-12 14:00:00,1983370.8359380239,786726.1213065608
195,2,2025-04-16 17:00:00,2025-04-16 22:45:00,1980907.3963560923,804524.6349622018
196,2,2025-07-30 21:13:00,2025-07-30 21:14:00,1997979.7538215783,796152.1354007835
197,2,2025-03-10 16:30:00,2025-03-11 13:00:00,1989799.6465053926,793623.1114399219
198,2,2025-03-23 05:57:00,2025-03-29 01:55:00,1996208.431561758,799909.1791168934
199,2,2025-05-09 20:00:00,2025-05-10 17:30:00,1990627.5525773186,793894.999160629
200,2,2025-05-28 13:00:00,2025-05-28 17:15:00,1981880.991106024,799757.610529216
201,2,2025-06-05 16:30:00,2025-06-10 16:30:00,1991316.141835778,792836.6754179555
202,2,2025-07-08 12:30:00,2025-07-08 15:30:00,1979500.9742293293,772466.4616201656
203,2,2025-07-15 09:00:00,2025-07-15 09:00:00,1997731.696117768,801055.319741627
204,2,2025-07-09 15:30:00,2025-07-15 14:40:00,1981881.3761015683,787560.1546069426
